{
  "chinese": "chinese",
  "chines": "chinese",
  "veggie": "vegetarian",
  "vegg": "vegetarian",
  "northindian": "north indian",
  "southindian": "south indian",
  "bengaluru": "Bangalore",
  "blore": "Bangalore",
  "amdavad": "Ahmedabad",
  "madras": "Chennai",
  "new delhi": "Delhi",
  "newdelhi": "Delhi",
  "bombay": "Mumbai",
  "covai": "Coimbatore",
  "kovai": "Coimbatore",
  "dehra dun": "Dehradun",
  "bhilai": "Durg-Bhilai",
  "kalaburagi": "Gulbarga",
  "gurugram": "Gurgaon",
  "hubli-dharwad": "Hubli",
  "hubbali": "Hubli",
  "dharwad": "Hubli",
  "cannanore": "Kannur",
  "cochin": "Kochi",
  "kotah": "Kota",
  "calicut": "Kozhikode",
  "mangaluru": "Mangalore",
  "mysuru": "Mysore",
  "noida": "Delhi NCR",
  "palghat": "Palakkad",
  "pondicherry": "Puducherry",
  "pondy": "Puducherry",
  "allahabad": "Prayagraj",
  "illahabad": "Prayagraj",
  "prayag": "Prayagraj",
  "rajamahendravaram": "Rajahmundry",
  "trivandrum": "Thiruvananthapuram",
  "tiruchirappalli": "Trichy",
  "tirupur": "Tiruppur",
  "benares": "Varanasi",
  "banaras": "Varanasi",
  "kashi": "Varanasi",
  "waltair": "Visakhapatnam"
}